Resource,Zone,THERM,FUSION,Cap_Fac_Constraint_Type,VV_Util_Deg,Reactor_Utilization_Guess,Var_Turb_Cap,Turb_Min_Ratio,Turb_Max_Ratio,Add_Therm_Stor,Therm_Stor_Cha_position,Therm_Stor_Dis_position,Sym_Therm_Stor,Min_Reactor_Therm_MWth,Max_Reactor_Therm_MWth,Min_Therm_Stor_MWh,Max_Therm_Stor_MWh,Min_Therm_Stor_Dis_MWth,Max_Therm_Stor_Dis_MWth,Min_Therm_Stor_Cha_MWth,Max_Therm_Stor_Cha_MWth,Min_Therm_Dur,Max_Therm_Dur,Therm_Stor_Leakage_Daily_Frac,HEX_Plant_Steam_Eff,TES_HEX_Plant_Salt_Eff,TES_HEX_Steam_Salt_Eff,TES_HEX_Salt_Steam_Eff_indirect,TES_HEX_Salt_Steam_Eff_direct,TES_Salt_TESWF_Eff,New_Turb_Eff_Frac,Blanket_Power_Mult,TES_Stor_Cost_per_MWht,HEX_Plant_Steam_annCAPEX,TES_HEX_Plant_Salt_annCAPEX,TES_HEX_Steam_Salt_annCAPEX,TES_HEX_Salt_Steam_annCAPEX,TES_HEX_Salt_TESWF_annCAPEX,Pulse_length_min,Pulse_gap_min,Turb_Min_Frac,Mag_Cool,Plant_fixed_power_MWe,Plant_var_power_MWeperMWt,Salt_Loss,Salt_Eff,Trit_Fuel,Trit_Breed,Trit_Loss,Deu_Fuel,Deu_Loss,Plant_Life,Vessel_Life,Rep_Dur,Dis_Rate,Inv_Vessel_per_MWe,FPP_Original_Turb_CAPEX,TES_Original_Turb_CAPEX,FPP_New_Turb_CAPEX,TES_New_Turb_CAPEX,Trit_Stor_Cost,Deu_Stor_Cost,Deu_Import_Cost
res_hydro_1,1,0,0,0,0,0,0,0,0,0,0,0,0,0,0,0,0,0,0,0,0,0,0,0,0,0,0,0,0,0,0,0,0,0,0,0,0,0,0,0,0,0,0,0,0,0,0,0,0,0,0,0,0,0,0,0,0,0,0,0,0,0,0
natural_gas_2,2,1,0,0,0,0,0,0,0,0,0,0,0,0,0,0,0,0,0,0,0,0,0,0,0,0,0,0,0,0,0,0,0,0,0,0,0,0,0,0,0,0,0,0,0,0,0,0,0,0,0,0,0,0,0,0,0,0,0,0,0,0,0
natural_gas_ccs_2,2,0,0,0,0,0,0,0,0,0,0,0,0,0,0,0,0,0,0,0,0,0,0,0,0,0,0,0,0,0,0,0,0,0,0,0,0,0,0,0,0,0,0,0,0,0,0,0,0,0,0,0,0,0,0,0,0,0,0,0,0,0,0
solar_pv_2,2,0,0,0,0,0,0,0,0,0,0,0,0,0,0,0,0,0,0,0,0,0,0,0,0,0,0,0,0,0,0,0,0,0,0,0,0,0,0,0,0,0,0,0,0,0,0,0,0,0,0,0,0,0,0,0,0,0,0,0,0,0,0
comm_solar_pv_2,2,0,0,0,0,0,0,0,0,0,0,0,0,0,0,0,0,0,0,0,0,0,0,0,0,0,0,0,0,0,0,0,0,0,0,0,0,0,0,0,0,0,0,0,0,0,0,0,0,0,0,0,0,0,0,0,0,0,0,0,0,0,0
res_solar_pv_2,2,0,0,0,0,0,0,0,0,0,0,0,0,0,0,0,0,0,0,0,0,0,0,0,0,0,0,0,0,0,0,0,0,0,0,0,0,0,0,0,0,0,0,0,0,0,0,0,0,0,0,0,0,0,0,0,0,0,0,0,0,0,0
onshore_wind_2,2,0,0,0,0,0,0,0,0,0,0,0,0,0,0,0,0,0,0,0,0,0,0,0,0,0,0,0,0,0,0,0,0,0,0,0,0,0,0,0,0,0,0,0,0,0,0,0,0,0,0,0,0,0,0,0,0,0,0,0,0,0,0
fixed_offshore_wind_2,2,0,0,0,0,0,0,0,0,0,0,0,0,0,0,0,0,0,0,0,0,0,0,0,0,0,0,0,0,0,0,0,0,0,0,0,0,0,0,0,0,0,0,0,0,0,0,0,0,0,0,0,0,0,0,0,0,0,0,0,0,0,0
float_offshore_wind_2,2,0,0,0,0,0,0,0,0,0,0,0,0,0,0,0,0,0,0,0,0,0,0,0,0,0,0,0,0,0,0,0,0,0,0,0,0,0,0,0,0,0,0,0,0,0,0,0,0,0,0,0,0,0,0,0,0,0,0,0,0,0,0
battery_2,2,1,0,0,0,0,0,0,0,0,0,0,0,0,0,0,0,0,0,0,0,0,0,0,0,0,0,0,0,0,0,0,0,0,0,0,0,0,0,0,0,0,0,0,0,0,0,0,0,0,0,0,0,0,0,0,0,0,0,0,0,0,0
ror_hydro_2,2,1,0,0,0,0,0,0,0,0,0,0,0,0,0,0,0,0,0,0,0,0,0,0,0,0,0,0,0,0,0,0,0,0,0,0,0,0,0,0,0,0,0,0,0,0,0,0,0,0,0,0,0,0,0,0,0,0,0,0,0,0,0
pumped_hydro_2,2,0,0,0,0,0,0,0,0,0,0,0,0,0,0,0,0,0,0,0,0,0,0,0,0,0,0,0,0,0,0,0,0,0,0,0,0,0,0,0,0,0,0,0,0,0,0,0,0,0,0,0,0,0,0,0,0,0,0,0,0,0,0
fusion_2,2,1,1,2,1,0.5,1,-1,-1,1,1,0,0,41878.7650946275,41878.7650946275,217384.4149,217384.4149,56568.12301,56568.12301,41834.25276,41834.25276,-1,-1,0.02,1,1,1,0.95,1,1,0.4931,1.15,1196.307647,0,4984.615194,4984.615194,4984.615194,4984.615194,20,1,0,10,10,0.0833333,0.95,0.95,1,1.1,0.001,1,0.001,40,2,0.25,0.06,168000,1904000,1422400,1604157,1198400,1120000,1120000,500
fusion_noTES_2,2,1,1,2,1,0.5,1,-1,-1,0,1,0,0,0,100,0,0,0,0,0,0,-1,-1,0.02,1,1,1,0.95,1,1,0.4931,1.15,1196.307647,0,4984.615194,4984.615194,4984.615194,4984.615194,20,1,0,10,10,0.0833333,0.95,0.95,1,1.1,0.001,1,0.001,40,2,0.25,0.06,168000,1904000,1422400,1604157,1198400,1120000,1120000,500
